{
    "Motif": {
        "coords": [
            [
                0.6176775517819604,
                0.21573305718917785
            ],
            [
                0.6176775517819604,
                1.2157330571891776
            ],
            [
                1.6176775517819604,
                0.21573305718917785
            ]
        ],
        "parameters": [
            0.9510108851152936,
            0.549066390522511,
            0.0
        ],
        "types": [
            "A",
            "B",
            "A"
        ]
    },
    "Properties": {
        "boundary_coords": [
            [
                0.3721678993623485,
                -0.014951236880663993
            ],
            [
                0.47973474212839845,
                -0.04849498250755199
            ],
            [
                0.579057023050415,
                -0.09631872813443998
            ],
            [
                0.6701347421283984,
                -0.15842247376132806
            ],
            [
                0.7529678993623485,
                -0.2348062193882159
            ],
            [
                1.2083564947522656,
                -0.553949965015104
            ],
            [
                1.3241678993623487,
                -0.5346862193882159
            ],
            [
                1.4317347421283984,
                -0.5011424737613279
            ],
            [
                1.531057023050415,
                -0.45331872813443996
            ],
            [
                1.6221347421283983,
                -0.39121498250755204
            ],
            [
                1.7308642012749798,
                0.3297824737611219
            ],
            [
                1.7061305157427695,
                0.4397099650148632
            ],
            [
                1.6978859538986244,
                0.5496374562686211
            ],
            [
                1.7061305157425444,
                0.6595649475223961
            ],
            [
                1.730864201274529,
                0.7694924387761879
            ],
            [
                1.7795564947511244,
                1.3234424037909056
            ],
            [
                1.704967899361245,
                1.4141061494175515
            ],
            [
                1.6221347421273626,
                1.4904898950442143
            ],
            [
                1.5310570230494767,
                1.5525936406708938
            ],
            [
                1.431734742127588,
                1.6004173862975903
            ],
            [
                0.7529678993627001,
                1.3340811319226453
            ],
            [
                0.6701347421287557,
                1.2576973862953684
            ],
            [
                0.5790570230507224,
                1.1955936406681034
            ],
            [
                0.47973474212860007,
                1.14776989504085
            ],
            [
                0.37216789936238914,
                1.114226149413608
            ],
            [
                -0.13191298950445632,
                0.8794199300254691
            ],
            [
                -0.17313579872432686,
                0.7694924387722445
            ],
            [
                -0.19786948425621798,
                0.6595649475190318
            ],
            [
                -0.20611404610012993,
                0.5496374562658307
            ],
            [
                -0.19786948425606254,
                0.43970996501264126
            ]
        ],
        "boundary_ids": [
            0,
            1,
            2,
            3,
            4,
            0,
            4,
            3,
            2,
            1,
            0,
            5,
            6,
            7,
            8,
            0,
            8,
            7,
            6,
            5,
            0,
            9,
            10,
            11,
            12,
            0,
            12,
            11,
            10,
            9
        ],
        "built": true,
        "edge_du": 0.1,
        "edge_u0": 0.3,
        "params": [],
        "sphere_deform": 0.25,
        "tile_control_points": [
            [
                0.952,
                -0.5496374562688799
            ],
            [
                1.904,
                0.0
            ],
            [
                1.9039999999988733,
                1.0992749125376649
            ],
            [
                0.952,
                1.6489123688045455
            ],
            [
                -7.774891841449971e-13,
                1.099274912531953
            ],
            [
                0.0,
                0.0
            ]
        ],
        "tile_scale": 1.904
    },
    "Tile": {
        "ih_type": 7,
        "parameters": [
            0.6,
            0.196416770201
        ]
    }
}
