{
    "Motif": {
        "coords": [
            [
                0.0,
                0.0
            ],
            [
                0.0,
                1.0
            ],
            [
                1.0,
                0.0
            ]
        ],
        "parameters": [
            0.3333333333333333,
            0.3333333333333333,
            0.0
        ],
        "types": [
            "A",
            "B",
            "A"
        ]
    },
    "Properties": {
        "boundary_coords": [
            [
                0.39093266739742494,
                -0.015705080756999973
            ],
            [
                0.5039230484542,
                -0.05094010767599999
            ],
            [
                0.608253175473125,
                -0.101175134595
            ],
            [
                0.7039230484542001,
                -0.16641016151400007
            ],
            [
                0.790932667397425,
                -0.24664518843299996
            ],
            [
                1.2692820323028,
                -0.581880215352
            ],
            [
                1.3909326673974252,
                -0.5616451884329999
            ],
            [
                1.5039230484541999,
                -0.526410161514
            ],
            [
                1.6082531754731249,
                -0.476175134595
            ],
            [
                1.7039230484542,
                -0.41094010767600003
            ],
            [
                1.8181346652048107,
                0.3464101615137835
            ],
            [
                1.7921539030911446,
                0.461880215351747
            ],
            [
                1.783493649053177,
                0.5773502691897281
            ],
            [
                1.792153903090908,
                0.6928203230277271
            ],
            [
                1.8181346652043373,
                0.8082903768657436
            ],
            [
                1.8692820323016013,
                1.390170592217338
            ],
            [
                1.7909326673962658,
                1.4854056191360836
            ],
            [
                1.703923048453112,
                1.5656406460548469
            ],
            [
                1.6082531754721394,
                1.6308756729736282
            ],
            [
                1.5039230484533488,
                1.681110699892427
            ],
            [
                0.7909326673977942,
                1.4013457268095015
            ],
            [
                0.7039230484545753,
                1.321110699890093
            ],
            [
                0.6082531754734479,
                1.255875672970697
            ],
            [
                0.5039230484544118,
                1.2056406460513132
            ],
            [
                0.39093266739746757,
                1.1704056191319414
            ],
            [
                -0.13856406460552134,
                0.9237604306990221
            ],
            [
                -0.18186533479446096,
                0.8082903768616014
            ],
            [
                -0.20784609690779202,
                0.6928203230241933
            ],
            [
                -0.21650635094551463,
                0.577350269186797
            ],
            [
                -0.20784609690762873,
                0.4618802153494131
            ]
        ],
        "boundary_ids": [
            0,
            1,
            2,
            3,
            4,
            0,
            4,
            3,
            2,
            1,
            0,
            5,
            6,
            7,
            8,
            0,
            8,
            7,
            6,
            5,
            0,
            9,
            10,
            11,
            12,
            0,
            12,
            11,
            10,
            9
        ],
        "built": true,
        "edge_du": 0.1,
        "edge_u0": 0.3,
        "params": [],
        "sphere_deform": 0.25,
        "tile_control_points": [
            [
                1.0,
                -0.57735026919
            ],
            [
                2.0,
                0.0
            ],
            [
                1.9999999999988165,
                1.1547005383799
            ],
            [
                1.0,
                1.7320508075678
            ],
            [
                -8.166800569142652e-13,
                1.1547005383739002
            ],
            [
                0.0,
                0.0
            ]
        ],
        "tile_scale": 2.0
    },
    "Tile": {
        "ih_type": 7,
        "parameters": [
            0.6,
            0.196416770201
        ]
    }
}
