{
    "Motif": {
        "coords": [
            [
                0.0,
                0.0
            ],
            [
                0.0,
                1.0
            ],
            [
                1.0,
                0.0
            ]
        ],
        "parameters": [
            0.3333333333333333,
            0.3333333333333333,
            0.0
        ],
        "types": [
            "A",
            "B",
            "A"
        ]
    },
    "Properties": {
        "boundary_coords": [
            [
                0.19546633369871247,
                -0.007852540378499986
            ],
            [
                0.2519615242271,
                -0.025470053837999995
            ],
            [
                0.3041265877365625,
                -0.0505875672975
            ],
            [
                0.35196152422710003,
                -0.08320508075700003
            ],
            [
                0.3954663336987125,
                -0.12332259421649998
            ],
            [
                0.6346410161514,
                -0.290940107676
            ],
            [
                0.6954663336987126,
                -0.28082259421649997
            ],
            [
                0.7519615242270999,
                -0.263205080757
            ],
            [
                0.8041265877365624,
                -0.2380875672975
            ],
            [
                0.8519615242271,
                -0.20547005383800002
            ],
            [
                0.9090673326024054,
                0.17320508075689175
            ],
            [
                0.8960769515455723,
                0.2309401076758735
            ],
            [
                0.8917468245265885,
                0.28867513459486405
            ],
            [
                0.896076951545454,
                0.34641016151386356
            ],
            [
                0.9090673326021687,
                0.4041451884328718
            ],
            [
                0.9346410161508006,
                0.695085296108669
            ],
            [
                0.8954663336981329,
                0.7427028095680418
            ],
            [
                0.851961524226556,
                0.7828203230274234
            ],
            [
                0.8041265877360697,
                0.8154378364868141
            ],
            [
                0.7519615242266744,
                0.8405553499462135
            ],
            [
                0.3954663336988971,
                0.7006728634047508
            ],
            [
                0.35196152422728766,
                0.6605553499450465
            ],
            [
                0.30412658773672396,
                0.6279378364853485
            ],
            [
                0.2519615242272059,
                0.6028203230256566
            ],
            [
                0.19546633369873379,
                0.5852028095659707
            ],
            [
                -0.06928203230276067,
                0.46188021534951107
            ],
            [
                -0.09093266739723048,
                0.4041451884308007
            ],
            [
                -0.10392304845389601,
                0.34641016151209664
            ],
            [
                -0.10825317547275731,
                0.2886751345933985
            ],
            [
                -0.10392304845381437,
                0.23094010767470655
            ]
        ],
        "boundary_ids": [
            0,
            1,
            2,
            3,
            4,
            0,
            4,
            3,
            2,
            1,
            0,
            5,
            6,
            7,
            8,
            0,
            8,
            7,
            6,
            5,
            0,
            9,
            10,
            11,
            12,
            0,
            12,
            11,
            10,
            9
        ],
        "built": true,
        "edge_du": 0.1,
        "edge_u0": 0.3,
        "params": [],
        "sphere_deform": 0.25,
        "tile_control_points": [
            [
                0.5,
                -0.288675134595
            ],
            [
                1.0,
                0.0
            ],
            [
                0.9999999999994083,
                0.57735026918995
            ],
            [
                0.5,
                0.8660254037839
            ],
            [
                -4.083400284571326e-13,
                0.5773502691869501
            ],
            [
                0.0,
                0.0
            ]
        ],
        "tile_scale": 1.0
    },
    "Tile": {
        "ih_type": 7,
        "parameters": [
            0.6,
            0.196416770201
        ]
    }
}
