{
    "Motif": {
        "coords": [
            [
                1.1247661134721019,
                1.0965455862543856
            ],
            [
                1.0373203147204533,
                1.2262567042555395
            ],
            [
                0.9140714781733301,
                1.322597070365513
            ],
            [
                0.7670840586771066,
                1.3761362183066659
            ],
            [
                0.6107462089736447,
                1.3816333632493367
            ],
            [
                0.4603613670617591,
                1.3385504063456746
            ],
            [
                0.33065024906061014,
                1.2511046075940246
            ],
            [
                0.2343098829506458,
                1.1278557710469028
            ],
            [
                0.18077073500948887,
                0.9808683515506758
            ],
            [
                0.17527359006681353,
                0.8245305018472121
            ],
            [
                0.21835654697047152,
                0.6741456599353375
            ],
            [
                0.30580234572212533,
                0.5444345419341832
            ],
            [
                0.42905118226924754,
                0.44809417582421096
            ],
            [
                0.5760386017654765,
                0.39455502788305696
            ],
            [
                0.7323764514689357,
                0.38905788294038923
            ],
            [
                0.8827612933808123,
                0.43214083984404683
            ],
            [
                1.0124724113819648,
                0.5195866385956973
            ],
            [
                1.1088127774919398,
                0.6428354751428205
            ],
            [
                1.1623519254330976,
                0.789822894639042
            ],
            [
                1.1678490703757596,
                0.9461607443425047
            ]
        ],
        "parameters": [
            0.6715613302212893,
            0.885345623094861,
            0.4360914200428541
        ],
        "symmetry": "dinf",
        "types": [
            "A",
            "A",
            "A",
            "A",
            "A",
            "A",
            "A",
            "A",
            "A",
            "A",
            "A",
            "A",
            "A",
            "A",
            "A",
            "A",
            "A",
            "A",
            "A",
            "A"
        ]
    },
    "Properties": {
        "boundary_coords": [
            [
                0.2952946772426723,
                0.2273613203648545
            ],
            [
                0.4779574247194214,
                0.3232173372541724
            ],
            [
                0.6492598756481445,
                0.37449879679368875
            ],
            [
                0.8092020300288421,
                0.381205698983404
            ],
            [
                0.9577838878615133,
                0.34333804382331756
            ],
            [
                1.5197281622738479,
                -0.4385264022981909
            ],
            [
                1.5441797735683918,
                -0.4682279083636095
            ],
            [
                1.5701075624600989,
                -0.4897706989094551
            ],
            [
                1.5975115289489696,
                -0.5031547739357277
            ],
            [
                1.6263916730350039,
                -0.5083801334424274
            ],
            [
                1.6792100322330397,
                -0.2795243500018082
            ],
            [
                1.6258170548176096,
                -0.17590681053934298
            ],
            [
                1.5805950218453115,
                -0.07014499772879962
            ],
            [
                1.5435439333161454,
                0.037761088429821954
            ],
            [
                1.5146637892301111,
                0.14781144793652146
            ],
            [
                1.0950054491461587,
                1.3091458313134299
            ],
            [
                0.9577838878615133,
                1.3915880438233175
            ],
            [
                0.8092020300288421,
                1.429455698983404
            ],
            [
                0.6492598756481445,
                1.4227487967936887
            ],
            [
                0.4779574247194214,
                1.3714673372541724
            ],
            [
                -0.117872024468855,
                0.9737333692383057
            ],
            [
                -0.1482283461520528,
                0.9708000132254322
            ],
            [
                -0.17710849023808706,
                0.9760253727321319
            ],
            [
                -0.20451245672695784,
                0.9894094477584044
            ],
            [
                -0.23044024561866505,
                1.01095223830425
            ],
            [
                -0.2806654295998481,
                0.6909362274591588
            ],
            [
                -0.2599562299569457,
                0.5787415946043811
            ],
            [
                -0.23107608587091144,
                0.4686912350976817
            ],
            [
                -0.19402499734174522,
                0.36078514893906005
            ],
            [
                -0.14880296436944718,
                0.2550233361285167
            ]
        ],
        "boundary_ids": [
            0,
            1,
            2,
            3,
            4,
            0,
            5,
            6,
            7,
            8,
            0,
            9,
            10,
            11,
            12,
            0,
            4,
            3,
            2,
            1,
            0,
            8,
            7,
            6,
            5,
            0,
            12,
            11,
            10,
            9
        ],
        "built": true,
        "edge_df": [
            0.5,
            -0.4708376509057626,
            0.12374553613088482
        ],
        "edge_du": 0.1,
        "edge_u0": [
            0.15000000000000002,
            0.15000000000000002,
            0.15000000000000002
        ],
        "params": [
            0.46542249834872373,
            0.859505529943204,
            0.4360914200428541,
            0.33780197235360865,
            0.4277507175576697,
            0.14100148574209703,
            0.7624621023293575,
            0.15000000000000002,
            0.15000000000000002,
            0.15000000000000002,
            0.5,
            -0.4708376509057626,
            0.12374553613088482,
            1.04825
        ],
        "tile_control_points": [
            [
                1.774620019187057,
                -0.43093014666785967
            ],
            [
                1.485818578326714,
                0.6695734483991362
            ],
            [
                0.0,
                1.04825
            ],
            [
                -0.2888014408603427,
                1.100503595066996
            ],
            [
                0.0,
                0.0
            ],
            [
                1.485818578326714,
                -0.3786765516008636
            ]
        ],
        "tile_scale": 1.04825
    },
    "Tile": {
        "ih_type": 1,
        "parameters": [
            0.33780197235360865,
            0.4277507175576697,
            0.14100148574209703,
            0.7624621023293575
        ]
    }
}
