{
    "Motif": {
        "coords": [
            [
                0.49386227263008925,
                0.07810285317272829
            ],
            [
                0.44555582359802987,
                0.2268920625742437
            ],
            [
                0.35363526618234475,
                0.353471496040939
            ],
            [
                0.22709842499125218,
                0.4454506766947409
            ],
            [
                0.07833160767415993,
                0.49382604147640125
            ],
            [
                -0.07810285317040316,
                0.4938622726300827
            ],
            [
                -0.22689206257197983,
                0.4455558235980395
            ],
            [
                -0.3534714960391432,
                0.35363526618234686
            ],
            [
                -0.4454506766929478,
                0.22709842499125793
            ],
            [
                -0.49382604147460774,
                0.07833160767416607
            ],
            [
                -0.4938622726282857,
                -0.07810285317039899
            ],
            [
                -0.44555582359624685,
                -0.22689206257198147
            ],
            [
                -0.3536352661805262,
                -0.35347149603915595
            ],
            [
                -0.22709842498897498,
                -0.4454506766929693
            ],
            [
                -0.07833160767182634,
                -0.4938260414746092
            ],
            [
                0.07810285317272313,
                -0.49386227262828813
            ],
            [
                0.22689206257424302,
                -0.4455558235962297
            ],
            [
                0.3534714960409389,
                -0.3536352661805239
            ],
            [
                0.44545067669476,
                -0.22709842498896993
            ],
            [
                0.49382604147640036,
                -0.0783316076718207
            ]
        ],
        "parameters": [
            1.0000021644085422e-12,
            9.998894073826037e-13,
            0.15684802672235956
        ],
        "symmetry": "dinf",
        "types": [
            "A",
            "A",
            "A",
            "A",
            "A",
            "A",
            "A",
            "A",
            "A",
            "A",
            "A",
            "A",
            "A",
            "A",
            "A",
            "A",
            "A",
            "A",
            "A",
            "A"
        ]
    },
    "Properties": {
        "boundary_coords": [
            [
                0.5627981364374213,
                0.06985390849315729
            ],
            [
                0.5213491210622274,
                0.11880266461671642
            ],
            [
                0.48319721514971903,
                0.1696550077761057
            ],
            [
                0.44834241869989616,
                0.22241093797132508
            ],
            [
                0.4167847317127588,
                0.2770704552023745
            ],
            [
                0.09467306096141209,
                0.5899017773756289
            ],
            [
                0.0315576869871374,
                0.5937089514472891
            ],
            [
                -0.03155768698713729,
                0.5937089514472891
            ],
            [
                -0.09467306096141209,
                0.5899017773756289
            ],
            [
                -0.15778843493568684,
                0.5822874292323085
            ],
            [
                -0.3418943275274597,
                0.4524705291105033
            ],
            [
                -0.3635606861265406,
                0.3921002507719636
            ],
            [
                -0.388524154188307,
                0.33363355946925394
            ],
            [
                -0.41678473171275887,
                0.2770704552023744
            ],
            [
                -0.4483424186998962,
                0.22241093797132494
            ],
            [
                -0.5582064554258139,
                -0.21296161284124027
            ],
            [
                -0.529945877901362,
                -0.26952471710811976
            ],
            [
                -0.4983881909142247,
                -0.3241842343391692
            ],
            [
                -0.4635333944644018,
                -0.37694016453438856
            ],
            [
                -0.42538148855189345,
                -0.42779250769377786
            ],
            [
                -0.22090380890996153,
                -0.5223244376036605
            ],
            [
                -0.15778843493568684,
                -0.51090291538868
            ],
            [
                -0.09467306096141209,
                -0.5032885672453596
            ],
            [
                -0.03155768698713729,
                -0.49948139317369944
            ],
            [
                0.0315576869871374,
                -0.49948139317369944
            ],
            [
                0.4635333944644018,
                -0.3769401645343886
            ],
            [
                0.49838819091422465,
                -0.3241842343391693
            ],
            [
                0.5299458779013619,
                -0.26952471710811987
            ],
            [
                0.5582064554258139,
                -0.21296161284124032
            ],
            [
                0.5831699234875803,
                -0.15449492153853067
            ]
        ],
        "boundary_ids": [
            0,
            1,
            2,
            3,
            4,
            0,
            4,
            3,
            2,
            1,
            0,
            1,
            2,
            3,
            4,
            0,
            4,
            3,
            2,
            1,
            0,
            1,
            2,
            3,
            4,
            0,
            4,
            3,
            2,
            1
        ],
        "built": true,
        "edge_df": [
            0.1005347781353546
        ],
        "edge_du": 0.1,
        "edge_u0": [
            0.15000000000000002
        ],
        "params": [
            0.5000000000007921,
            0.5000000000009146,
            0.15684802672235956,
            0.15000000000000002,
            0.1005347781353546,
            0.6311537397427472
        ],
        "tile_control_points": [
            [
                -0.3155768698713736,
                0.5465951723104943
            ],
            [
                -0.6311537397427472,
                0.0
            ],
            [
                -0.3155768698713736,
                -0.5465951723104943
            ],
            [
                0.3155768698713736,
                -0.5465951723104943
            ],
            [
                0.6311537397427472,
                0.0
            ],
            [
                0.3155768698713736,
                0.5465951723104943
            ]
        ],
        "tile_scale": 0.6311537397427472
    },
    "Tile": {
        "ih_type": 10,
        "parameters": []
    }
}
