{
    "Motif": {
        "coords": [
            [
                0.4638472015665526,
                0.3744202397334178
            ],
            [
                0.4161014501602897,
                0.5213665528065434
            ],
            [
                0.29110145016029704,
                0.6121843688072177
            ],
            [
                0.1365929529728253,
                0.612184368807215
            ],
            [
                0.011592952972819093,
                0.5213665528065425
            ],
            [
                -0.0361527984334416,
                0.3744202397334187
            ],
            [
                0.011592952972819093,
                0.2274739266603008
            ],
            [
                0.13659295297282287,
                0.13665611065963473
            ],
            [
                0.2911014501602957,
                0.13665611065963074
            ],
            [
                0.4161014501602937,
                0.22747392666029992
            ],
            [
                0.9888472015665637,
                0.37442023973342226
            ],
            [
                0.9411014501603003,
                0.521366552806547
            ],
            [
                0.8161014501603048,
                0.6121843688072213
            ],
            [
                0.6615929529728191,
                0.6121843688072173
            ],
            [
                0.5365929529728151,
                0.5213665528065443
            ],
            [
                0.48884720156655476,
                0.3744202397334165
            ],
            [
                0.5365929529728239,
                0.22747392666030036
            ],
            [
                0.6615929529728262,
                0.13665611065962807
            ],
            [
                0.8161014501603012,
                0.1366561106596263
            ],
            [
                0.9411014501602986,
                0.22747392666029992
            ]
        ],
        "parameters": [
            0.4763472015665591,
            0.3744202397334222,
            0.0
        ],
        "symmetry": "d2",
        "types": [
            "A",
            "A",
            "A",
            "A",
            "A",
            "A",
            "A",
            "A",
            "A",
            "A",
            "A",
            "A",
            "A",
            "A",
            "A",
            "A",
            "A",
            "A",
            "A",
            "A"
        ]
    },
    "Properties": {
        "boundary_coords": [
            [
                0.42871248140900314,
                0.05157250600678935
            ],
            [
                0.3334430410958913,
                0.12033584734917518
            ],
            [
                0.23817360078277952,
                0.14325696112997047
            ],
            [
                0.6192513620352268,
                0.12033584734917518
            ],
            [
                0.5239819217221149,
                0.05157250600678935
            ],
            [
                0.9252242311534714,
                0.04305479594506797
            ],
            [
                0.9133321596320264,
                0.07087920521891616
            ],
            [
                0.9065771892815038,
                0.09800058407447333
            ],
            [
                0.9049593201019034,
                0.12441893251173952
            ],
            [
                0.9084785520932253,
                0.15013425053071466
            ],
            [
                1.0153568950219836,
                0.3002079761348193
            ],
            [
                1.0272489665434283,
                0.3280323854086675
            ],
            [
                1.034003936893951,
                0.3551537642642247
            ],
            [
                1.0356218060735516,
                0.3815721127014909
            ],
            [
                1.0321025740822296,
                0.407287430720466
            ],
            [
                0.5239819217221149,
                0.565878866386292
            ],
            [
                0.6192513620352268,
                0.634642207728678
            ],
            [
                0.7145208023483386,
                0.6575633215094732
            ],
            [
                0.3334430410958913,
                0.634642207728678
            ],
            [
                0.42871248140900314,
                0.565878866386292
            ],
            [
                -0.07075183778886746,
                0.4322997183211501
            ],
            [
                -0.0794081709511116,
                0.407287430720466
            ],
            [
                -0.08292740294243349,
                0.3815721127014909
            ],
            [
                -0.08130953376283309,
                0.35515376426422474
            ],
            [
                -0.07455456341231043,
                0.3280323854086675
            ],
            [
                0.035559517875648684,
                0.17514653813139877
            ],
            [
                0.04421585103789283,
                0.1501342505307147
            ],
            [
                0.04773508302921471,
                0.12441893251173954
            ],
            [
                0.04611721384961431,
                0.09800058407447335
            ],
            [
                0.03936224349909164,
                0.07087920521891618
            ]
        ],
        "boundary_ids": [
            1,
            2,
            0,
            2,
            1,
            0,
            3,
            4,
            5,
            6,
            0,
            3,
            4,
            5,
            6,
            1,
            2,
            0,
            2,
            1,
            0,
            6,
            5,
            4,
            3,
            0,
            6,
            5,
            4,
            3
        ],
        "built": true,
        "edge_df": [
            0.4009875168340606,
            0.33294689486448303
        ],
        "edge_du": 0.1,
        "edge_u0": [
            0.15000000000000002,
            0.15000000000000002
        ],
        "params": [
            0.5000000000009776,
            0.728010128937819,
            0.0,
            0.44932999359197273,
            0.16240764683927225,
            0.15000000000000002,
            0.15000000000000002,
            0.4009875168340606,
            0.33294689486448303,
            0.5143063603795027
        ],
        "tile_control_points": [
            [
                0.9878867230443368,
                0.25715318018975136
            ],
            [
                0.9526944031311181,
                0.5143063603795027
            ],
            [
                0.0,
                0.5143063603795027
            ],
            [
                -0.03519231991321878,
                0.25715318018975136
            ],
            [
                0.0,
                0.0
            ],
            [
                0.9526944031311181,
                0.0
            ]
        ],
        "tile_scale": 0.5143063603795027
    },
    "Tile": {
        "ih_type": 12,
        "parameters": [
            0.44932999359197273,
            0.16240764683927225
        ]
    }
}
