{
    "Motif": {
        "coords": [
            [
                0.5077915805089026,
                0.4163171227838519
            ],
            [
                0.46004582910263664,
                0.5632634358569709
            ],
            [
                0.3350458291026384,
                0.6540812518576437
            ],
            [
                0.1805373319151607,
                0.6540812518576463
            ],
            [
                0.05553733191515625,
                0.5632634358569683
            ],
            [
                0.007791580508899054,
                0.4163171227838528
            ],
            [
                0.05553733191515625,
                0.26937080971073046
            ],
            [
                0.18053733191515803,
                0.1785529937100644
            ],
            [
                0.33504582910263664,
                0.1785529937100626
            ],
            [
                0.4600458291026393,
                0.2693708097107309
            ],
            [
                1.0327915805088923,
                0.4163171227838479
            ],
            [
                0.9850458291026272,
                0.5632634358569691
            ],
            [
                0.860045829102636,
                0.654081251857641
            ],
            [
                0.7055373319151654,
                0.654081251857641
            ],
            [
                0.5805373319151637,
                0.5632634358569709
            ],
            [
                0.5327915805089003,
                0.4163171227838466
            ],
            [
                0.5805373319151663,
                0.2693708097107309
            ],
            [
                0.7055373319151654,
                0.1785529937100626
            ],
            [
                0.8600458291026378,
                0.1785529937100626
            ],
            [
                0.9850458291026272,
                0.2693708097107327
            ]
        ],
        "parameters": [
            0.5202915805088983,
            0.41631712278385147,
            0.0
        ],
        "symmetry": "d2",
        "types": [
            "A",
            "A",
            "A",
            "A",
            "A",
            "A",
            "A",
            "A",
            "A",
            "A",
            "A",
            "A",
            "A",
            "A",
            "A",
            "A",
            "A",
            "A",
            "A",
            "A"
        ]
    },
    "Properties": {
        "boundary_coords": [
            [
                0.46826242245710853,
                0.07023936336856627
            ],
            [
                0.3642041063555288,
                0.16389184785998798
            ],
            [
                0.2601457902539492,
                0.19510934269046187
            ],
            [
                0.6763790546602679,
                0.16389184785998798
            ],
            [
                0.5723207385586881,
                0.07023936336856627
            ],
            [
                1.0300140740253514,
                0.10691055965377551
            ],
            [
                1.016501165915218,
                0.08309743311282951
            ],
            [
                1.012052025866805,
                0.05931586336940499
            ],
            [
                1.0638377162919077,
                0.15456048033380854
            ],
            [
                1.0503248081817744,
                0.13074735379286256
            ],
            [
                1.02636964932597,
                0.35321467686193736
            ],
            [
                1.0079423456283638,
                0.3276043842302983
            ],
            [
                1.0017447484075308,
                0.30195466981162133
            ],
            [
                1.072396536578762,
                0.40440569578493696
            ],
            [
                1.0539692328811558,
                0.3787954031532979
            ],
            [
                0.5723207385586881,
                0.5645915299371634
            ],
            [
                0.6763790546602679,
                0.6582440144285852
            ],
            [
                0.7804373707618475,
                0.689461509259059
            ],
            [
                0.3642041063555288,
                0.6582440144285852
            ],
            [
                0.46826242245710853,
                0.5645915299371634
            ],
            [
                -0.013386071865359037,
                0.3787954031532979
            ],
            [
                -0.031813375562965165,
                0.40440569578493696
            ],
            [
                -0.03801097278379837,
                0.43005541020361393
            ],
            [
                0.03264081538743288,
                0.3276043842302983
            ],
            [
                0.014213511689826755,
                0.35321467686193736
            ],
            [
                -0.00974164716597769,
                0.13074735379286256
            ],
            [
                -0.02325455527611084,
                0.15456048033380854
            ],
            [
                -0.02770369532452404,
                0.17834205007723308
            ],
            [
                0.024081995100578558,
                0.08309743311282951
            ],
            [
                0.010569086990445408,
                0.10691055965377551
            ]
        ],
        "boundary_ids": [
            1,
            2,
            0,
            2,
            1,
            3,
            4,
            0,
            4,
            3,
            5,
            6,
            0,
            6,
            5,
            1,
            2,
            0,
            2,
            1,
            5,
            6,
            0,
            6,
            5,
            3,
            4,
            0,
            4,
            3
        ],
        "built": true,
        "edge_df": [
            0.5,
            0.3178156343247208,
            0.3970257198993592
        ],
        "edge_du": 0.1,
        "edge_u0": [
            0.15000000000000002,
            0.15000000000000002,
            0.15000000000000002
        ],
        "params": [
            0.500000000000961,
            0.8421468559015257,
            0.0,
            0.5140879634808045,
            0.1423789182342787,
            0.4961492351075436,
            0.15000000000000002,
            0.15000000000000002,
            0.15000000000000002,
            0.5,
            0.3178156343247208,
            0.3970257198993592,
            0.4943521665685972
        ],
        "tile_control_points": [
            [
                1.039755721191329,
                0.23765791344663806
            ],
            [
                1.0405831610157967,
                0.4943521665685972
            ],
            [
                0.0,
                0.4943521665685972
            ],
            [
                0.000827439824467718,
                0.23765791344663806
            ],
            [
                0.0,
                0.0
            ],
            [
                1.0405831610157967,
                0.0
            ]
        ],
        "tile_scale": 0.4943521665685972
    },
    "Tile": {
        "ih_type": 13,
        "parameters": [
            0.5140879634808045,
            0.1423789182342787,
            0.4961492351075436
        ]
    }
}
