{
    "Motif": {
        "coords": [
            [
                0.7913084247261267,
                -0.02982624524263576
            ],
            [
                0.7435626733198589,
                0.11712006783048345
            ],
            [
                0.6185626733198676,
                0.20793788383115286
            ],
            [
                0.46405417613239186,
                0.20793788383114908
            ],
            [
                0.3390541761323901,
                0.1171200678304728
            ],
            [
                0.2913084247261185,
                -0.02982624524263243
            ],
            [
                0.3390541761323901,
                -0.17677255831575855
            ],
            [
                0.4640541761323862,
                -0.26759037431643107
            ],
            [
                0.6185626733198534,
                -0.2675903743164242
            ],
            [
                0.7435626733198589,
                -0.176772558315755
            ],
            [
                1.316308424726111,
                -0.029826245242628877
            ],
            [
                1.2685626733198518,
                0.11712006783048323
            ],
            [
                1.1435626733198607,
                0.20793788383115264
            ],
            [
                0.989054176132399,
                0.20793788383114575
            ],
            [
                0.8640541761323842,
                0.11712006783048345
            ],
            [
                0.8163084247261218,
                -0.029826245242635982
            ],
            [
                0.8640541761323789,
                -0.176772558315755
            ],
            [
                0.9890541761323914,
                -0.26759037431642063
            ],
            [
                1.1435626733198563,
                -0.2675903743164135
            ],
            [
                1.2685626733198518,
                -0.17677255831574457
            ]
        ],
        "parameters": [
            0.8038084247261226,
            -0.02982624524263561,
            0.0
        ],
        "symmetry": "d2",
        "types": [
            "A",
            "A",
            "A",
            "A",
            "A",
            "A",
            "A",
            "A",
            "A",
            "A",
            "A",
            "A",
            "A",
            "A",
            "A",
            "A",
            "A",
            "A",
            "A",
            "A"
        ]
    },
    "Properties": {
        "boundary_coords": [
            [
                0.9243796884338908,
                -0.39446715883340344
            ],
            [
                1.0047605309064032,
                -0.34805925779417946
            ],
            [
                1.0851413733789153,
                -0.3016513567549556
            ],
            [
                1.1655222158514276,
                -0.2552434557157316
            ],
            [
                1.2459030583239399,
                -0.20883555467650766
            ],
            [
                1.5227456736188245,
                -0.007018738591578921
            ],
            [
                1.4710383671244964,
                -0.00340556110558337
            ],
            [
                1.423229842544797,
                0.006841485618050716
            ],
            [
                1.3793200998797257,
                0.023722401579323316
            ],
            [
                1.3393091391292828,
                0.04723718677823446
            ],
            [
                1.023036473689296,
                0.23115913040668096
            ],
            [
                0.978870883639378,
                0.21495939336724115
            ],
            [
                0.9385010019173086,
                0.19206627752708916
            ],
            [
                0.9019268285230876,
                0.16247978288622483
            ],
            [
                0.8691483634567154,
                0.12619990944464834
            ],
            [
                0.7674512427320532,
                0.08322665720235964
            ],
            [
                0.7384684859935295,
                0.12619990944464834
            ],
            [
                0.7056900209271574,
                0.16247978288622483
            ],
            [
                0.6691158475329364,
                0.19206627752708916
            ],
            [
                0.628745965810867,
                0.21495939336724115
            ],
            [
                0.3044198891567763,
                0.07738584121478412
            ],
            [
                0.26830771032096207,
                0.04723718677823448
            ],
            [
                0.22829674957051935,
                0.02372240157932333
            ],
            [
                0.18438700690544807,
                0.006841485618050716
            ],
            [
                0.13657848232574848,
                -0.003405561105583363
            ],
            [
                0.2813329486537929,
                -0.1624276536372838
            ],
            [
                0.3617137911263051,
                -0.20883555467650766
            ],
            [
                0.4420946335988173,
                -0.2552434557157316
            ],
            [
                0.5224754760713297,
                -0.3016513567549556
            ],
            [
                0.6028563185438418,
                -0.34805925779417946
            ]
        ],
        "boundary_ids": [
            0,
            1,
            2,
            3,
            4,
            0,
            5,
            6,
            7,
            8,
            0,
            8,
            7,
            6,
            5,
            0,
            5,
            6,
            7,
            8,
            0,
            8,
            7,
            6,
            5,
            0,
            4,
            3,
            2,
            1
        ],
        "built": true,
        "edge_df": [
            0.5,
            0.2763354971243774
        ],
        "edge_du": 0.1,
        "edge_u0": [
            0.15000000000000002,
            0.15000000000000002
        ],
        "params": [
            0.5000000000006221,
            0.6210470285290141,
            0.0,
            0.0009667561007644628,
            0.15000000000000002,
            0.15000000000000002,
            0.5,
            0.2763354971243774,
            1.607616849450245
        ],
        "tile_control_points": [
            [
                1.2075072419458175,
                0.23514785198911142
            ],
            [
                0.8038084247251225,
                0.0062166935875910935
            ],
            [
                0.40010960750442753,
                0.2351478519891114
            ],
            [
                0.0,
                0.0
            ],
            [
                0.8038084247251225,
                -0.4640790103922393
            ],
            [
                1.607616849450245,
                0.0
            ]
        ],
        "tile_scale": 1.607616849450245
    },
    "Tile": {
        "ih_type": 16,
        "parameters": [
            0.0009667561007644628
        ]
    }
}
