{
    "Motif": {
        "coords": [
            [
                0.5043094407233315,
                0.3797986664568503
            ],
            [
                0.45656368931706526,
                0.5267449795299917
            ],
            [
                0.3315636893170635,
                0.6175627955306466
            ],
            [
                0.1770551921295902,
                0.6175627955306466
            ],
            [
                0.0520551921295877,
                0.5267449795299863
            ],
            [
                0.004309440723323399,
                0.37979866645684585
            ],
            [
                0.0520551921295877,
                0.232852353383739
            ],
            [
                0.17705519212958576,
                0.14203453738307342
            ],
            [
                0.33156368931705993,
                0.14203453738307342
            ],
            [
                0.45656368931705726,
                0.232852353383739
            ],
            [
                1.0293094407233325,
                0.37979866645684585
            ],
            [
                0.9815636893170507,
                0.5267449795299846
            ],
            [
                0.856563689317049,
                0.6175627955306502
            ],
            [
                0.7020551921295792,
                0.6175627955306466
            ],
            [
                0.5770551921295748,
                0.5267449795299917
            ],
            [
                0.5293094407233265,
                0.3797986664568512
            ],
            [
                0.5770551921295819,
                0.232852353383739
            ],
            [
                0.7020551921295739,
                0.14203453738307342
            ],
            [
                0.8565636893170481,
                0.1420345373830761
            ],
            [
                0.9815636893170507,
                0.23285235338373278
            ]
        ],
        "parameters": [
            0.516809440723321,
            0.3797986664568591,
            0.0
        ],
        "symmetry": "d2",
        "types": [
            "A",
            "A",
            "A",
            "A",
            "A",
            "A",
            "A",
            "A",
            "A",
            "A",
            "A",
            "A",
            "A",
            "A",
            "A",
            "A",
            "A",
            "A",
            "A",
            "A"
        ]
    },
    "Properties": {
        "boundary_coords": [
            [
                0.46512849665008893,
                0.05581433566394606
            ],
            [
                0.3617666085056246,
                0.13023344988254082
            ],
            [
                0.25840472036116047,
                0.15503982128873908
            ],
            [
                0.6718522729390173,
                0.13023344988254082
            ],
            [
                0.5684903847945529,
                0.05581433566394606
            ],
            [
                1.0336188814446419,
                0.0719209915198388
            ],
            [
                1.0336188814446419,
                0.11986831919973134
            ],
            [
                1.0336188814446419,
                0.1678156468796239
            ],
            [
                1.0336188814446419,
                0.21576297455951646
            ],
            [
                1.0336188814446419,
                0.26371030223940894
            ],
            [
                0.5684903847945529,
                0.5352876124628714
            ],
            [
                0.6718522729390173,
                0.6097067266814662
            ],
            [
                0.7752141610834814,
                0.6345130980876644
            ],
            [
                0.3617666085056246,
                0.6097067266814662
            ],
            [
                0.46512849665008893,
                0.5352876124628714
            ],
            [
                0.0,
                0.31165762991930146
            ],
            [
                0.0,
                0.26371030223940894
            ],
            [
                0.0,
                0.21576297455951646
            ],
            [
                0.0,
                0.1678156468796239
            ],
            [
                0.0,
                0.11986831919973134
            ]
        ],
        "boundary_ids": [
            1,
            2,
            0,
            2,
            1,
            0,
            3,
            4,
            5,
            6,
            1,
            2,
            0,
            2,
            1,
            0,
            6,
            5,
            4,
            3
        ],
        "built": true,
        "edge_df": [
            0.3999922320099184,
            0.5
        ],
        "edge_du": 0.1,
        "edge_u0": [
            0.15000000000000002,
            0.15000000000000002
        ],
        "params": [
            0.5000000000009676,
            0.7921164428442873,
            0.0,
            0.09330210519076419,
            0.15000000000000002,
            0.15000000000000002,
            0.3999922320099184,
            0.5,
            1.0336188814446419
        ],
        "tile_control_points": [
            [
                1.0336188814446419,
                0.4794732767989254
            ],
            [
                0.0,
                0.4794732767989254
            ],
            [
                0.0,
                0.0
            ],
            [
                1.0336188814446419,
                0.0
            ]
        ],
        "tile_scale": 1.0336188814446419
    },
    "Tile": {
        "ih_type": 64,
        "parameters": [
            0.09330210519076419
        ]
    }
}
