{
    "Motif": {
        "coords": [
            [
                0.9877216430684601,
                0.5722045677971196
            ],
            [
                0.9393807348650745,
                0.7209825851467735
            ],
            [
                0.847430863364138,
                0.8475407258702704
            ],
            [
                0.7208727226406576,
                0.939490597371188
            ],
            [
                0.5720947052909997,
                0.9878315055745843
            ],
            [
                0.41566024025075315,
                0.9878315055745694
            ],
            [
                0.2668822229010934,
                0.9394905973711757
            ],
            [
                0.1403240821776069,
                0.8475407258702811
            ],
            [
                0.04837421067667569,
                0.7209825851467813
            ],
            [
                3.330247329635938e-05,
                0.5722045677971119
            ],
            [
                3.330247329741409e-05,
                0.4157701027568668
            ],
            [
                0.04837421067668374,
                0.26699208540720415
            ],
            [
                0.14032408217759634,
                0.14043394468371356
            ],
            [
                0.26688222290109176,
                0.04848407318279985
            ],
            [
                0.41566024025075166,
                0.0001431649794106371
            ],
            [
                0.5720947052909958,
                0.00014316497941258
            ],
            [
                0.7208727226406545,
                0.04848407318279313
            ],
            [
                0.8474308633641549,
                0.14043394468371578
            ],
            [
                0.9393807348650637,
                0.2669920854072115
            ],
            [
                0.9877216430684553,
                0.4157701027568686
            ]
        ],
        "parameters": [
            0.49387747277087496,
            0.49398733527699246,
            0.15707963267948966
        ],
        "symmetry": "dinf",
        "types": [
            "A",
            "A",
            "A",
            "A",
            "A",
            "A",
            "A",
            "A",
            "A",
            "A",
            "A",
            "A",
            "A",
            "A",
            "A",
            "A",
            "A",
            "A",
            "A",
            "A"
        ]
    },
    "Properties": {
        "boundary_coords": [
            [
                0.24693873638493752,
                0.0
            ],
            [
                0.3457142309389125,
                0.0
            ],
            [
                0.44448972549288757,
                0.0
            ],
            [
                0.5432652200468626,
                0.0
            ],
            [
                0.6420407146008376,
                0.0
            ],
            [
                0.9877549455397501,
                0.24699366763799632
            ],
            [
                0.9877549455397501,
                0.34579113469319483
            ],
            [
                0.9877549455397501,
                0.44458860174839343
            ],
            [
                0.9877549455397501,
                0.543386068803592
            ],
            [
                0.9877549455397501,
                0.6421835358587904
            ],
            [
                0.7408162091548125,
                0.9879746705519853
            ],
            [
                0.6420407146008376,
                0.9879746705519853
            ],
            [
                0.5432652200468625,
                0.9879746705519853
            ],
            [
                0.44448972549288746,
                0.9879746705519853
            ],
            [
                0.3457142309389125,
                0.9879746705519853
            ],
            [
                0.0,
                0.7409810029139889
            ],
            [
                0.0,
                0.6421835358587904
            ],
            [
                0.0,
                0.5433860688035919
            ],
            [
                0.0,
                0.4445886017483933
            ],
            [
                0.0,
                0.3457911346931949
            ]
        ],
        "boundary_ids": [
            0,
            1,
            2,
            2,
            1,
            0,
            3,
            4,
            4,
            3,
            0,
            1,
            2,
            2,
            1,
            0,
            3,
            4,
            4,
            3
        ],
        "built": true,
        "edge_df": [
            0.5,
            0.14493984456531353
        ],
        "edge_du": 0.1,
        "edge_u0": [
            0.15000000000000002,
            0.15000000000000002
        ],
        "params": [
            0.5000000000010123,
            0.500000000001012,
            0.15707963267948966,
            0.23082626895160724,
            0.15000000000000002,
            0.15000000000000002,
            0.5,
            0.14493984456531353,
            0.9877549455397501
        ],
        "tile_control_points": [
            [
                0.9877549455397501,
                0.9879746705519853
            ],
            [
                0.0,
                0.9879746705519853
            ],
            [
                0.0,
                0.0
            ],
            [
                0.9877549455397501,
                0.0
            ]
        ],
        "tile_scale": 0.9877549455397501
    },
    "Tile": {
        "ih_type": 72,
        "parameters": [
            0.23082626895160724
        ]
    }
}
