{
    "Motif": {
        "coords": [
            [
                0.4667902132495058,
                0.17918397477389028
            ],
            [
                0.3885729807293973,
                0.31466019552584007
            ],
            [
                0.272319517508511,
                0.4193352839735995
            ],
            [
                0.12940952255250482,
                0.4829629131454385
            ],
            [
                -0.026167978120290394,
                0.4993147673782262
            ],
            [
                -0.17918397477142856,
                0.46679021324951175
            ],
            [
                -0.31466019552397007,
                0.38857298072941254
            ],
            [
                -0.41933528397184455,
                0.2723195175085159
            ],
            [
                -0.48296291314367706,
                0.12940952255251287
            ],
            [
                -0.49931476737640323,
                -0.02616797812028411
            ],
            [
                -0.4667902132477526,
                -0.17918397477142078
            ],
            [
                -0.3885729807276203,
                -0.31466019552399227
            ],
            [
                -0.2723195175065735,
                -0.41933528397187136
            ],
            [
                -0.1294095225500336,
                -0.48296291314369194
            ],
            [
                0.02616797812265063,
                -0.4993147673764068
            ],
            [
                0.17918397477388553,
                -0.4667902132477371
            ],
            [
                0.31466019552584756,
                -0.388572980727605
            ],
            [
                0.4193352839736204,
                -0.2723195175065732
            ],
            [
                0.48296291314544626,
                -0.1294095225500237
            ],
            [
                0.4993147673782244,
                0.02616797812265827
            ]
        ],
        "parameters": [
            9.999917560676863e-13,
            9.999618320877257e-13,
            0.3665191429188092
        ],
        "symmetry": "dinf",
        "types": [
            "A",
            "A",
            "A",
            "A",
            "A",
            "A",
            "A",
            "A",
            "A",
            "A",
            "A",
            "A",
            "A",
            "A",
            "A",
            "A",
            "A",
            "A",
            "A",
            "A"
        ]
    },
    "Properties": {
        "boundary_coords": [
            [
                0.5044891588269673,
                0.12482869356507854
            ],
            [
                0.4756612068939978,
                0.17476017099110994
            ],
            [
                0.4468332549610282,
                0.2246916484171414
            ],
            [
                0.41800530302805866,
                0.27462312584317283
            ],
            [
                0.3891773510950891,
                0.3245546032692042
            ],
            [
                0.14413975966484782,
                0.4993147742603142
            ],
            [
                0.08648385579890872,
                0.4993147742603142
            ],
            [
                0.028827951932969553,
                0.4993147742603142
            ],
            [
                -0.02882795193296961,
                0.4993147742603142
            ],
            [
                -0.08648385579890872,
                0.4993147742603142
            ],
            [
                -0.36034939916211955,
                0.37448608069523565
            ],
            [
                -0.3891773510950891,
                0.32455460326920427
            ],
            [
                -0.4180053030280587,
                0.2746231258431728
            ],
            [
                -0.44683325496102827,
                0.22469164841714134
            ],
            [
                -0.4756612068939978,
                0.17476017099110996
            ],
            [
                -0.5044891588269673,
                -0.12482869356507854
            ],
            [
                -0.4756612068939978,
                -0.17476017099110994
            ],
            [
                -0.4468332549610282,
                -0.2246916484171414
            ],
            [
                -0.41800530302805866,
                -0.27462312584317283
            ],
            [
                -0.3891773510950891,
                -0.3245546032692042
            ],
            [
                -0.14413975966484782,
                -0.4993147742603142
            ],
            [
                -0.08648385579890872,
                -0.4993147742603142
            ],
            [
                -0.028827951932969553,
                -0.4993147742603142
            ],
            [
                0.02882795193296961,
                -0.4993147742603142
            ],
            [
                0.08648385579890872,
                -0.4993147742603142
            ],
            [
                0.36034939916211955,
                -0.37448608069523565
            ],
            [
                0.3891773510950891,
                -0.32455460326920427
            ],
            [
                0.4180053030280587,
                -0.2746231258431728
            ],
            [
                0.44683325496102827,
                -0.22469164841714134
            ],
            [
                0.4756612068939978,
                -0.17476017099110996
            ]
        ],
        "boundary_ids": [
            0,
            1,
            2,
            2,
            1,
            0,
            1,
            2,
            2,
            1,
            0,
            1,
            2,
            2,
            1,
            0,
            1,
            2,
            2,
            1,
            0,
            1,
            2,
            2,
            1,
            0,
            1,
            2,
            2,
            1
        ],
        "built": true,
        "edge_df": [
            0.5
        ],
        "edge_du": 0.1,
        "edge_u0": [
            0.15000000000000002
        ],
        "params": [
            0.5000000000008672,
            0.5000000000010013,
            0.3665191429188092,
            0.15000000000000002,
            0.5,
            0.5765590386593913
        ],
        "tile_control_points": [
            [
                -0.28827951932969564,
                0.4993147742603142
            ],
            [
                -0.5765590386593913,
                0.0
            ],
            [
                -0.28827951932969564,
                -0.4993147742603142
            ],
            [
                0.28827951932969564,
                -0.4993147742603142
            ],
            [
                0.5765590386593913,
                0.0
            ],
            [
                0.28827951932969564,
                0.4993147742603142
            ]
        ],
        "tile_scale": 0.5765590386593913
    },
    "Tile": {
        "ih_type": 20,
        "parameters": []
    }
}
