{
    "symmetry": "c2",
    "coords": [
        [
            0.0,
            0.95
        ],
        [
            0.17101007166283436,
            0.8444444444444444
        ],
        [
            0.3213938048432696,
            0.7388888888888888
        ],
        [
            0.4330127018922193,
            0.6333333333333333
        ],
        [
            0.492403876506104,
            0.5277777777777777
        ],
        [
            0.492403876506104,
            0.42222222222222217
        ],
        [
            0.43301270189221935,
            0.31666666666666665
        ],
        [
            0.32139380484326974,
            0.21111111111111103
        ],
        [
            0.17101007166283444,
            0.10555555555555551
        ],
        [
            6.123233995736766e-17,
            0.0
        ],
        [
            -0.17101007166283433,
            -0.10555555555555562
        ],
        [
            -0.3213938048432696,
            -0.21111111111111125
        ],
        [
            -0.4330127018922192,
            -0.31666666666666665
        ],
        [
            -0.492403876506104,
            -0.4222222222222223
        ],
        [
            -0.49240387650610407,
            -0.5277777777777779
        ],
        [
            -0.4330127018922193,
            -0.6333333333333333
        ],
        [
            -0.3213938048432698,
            -0.7388888888888889
        ],
        [
            -0.17101007166283472,
            -0.8444444444444446
        ],
        [
            -1.2246467991473532e-16,
            -0.95
        ]
    ],
    "types": [
        "A",
        "A",
        "A",
        "A",
        "A",
        "A",
        "A",
        "A",
        "A",
        "A",
        "A",
        "A",
        "A",
        "A",
        "A",
        "A",
        "A",
        "A",
        "A"
    ],
    "theta": 0.0
}