{
    "symmetry": "d2",
    "coords": [
        [
            0.0,
            0.0
        ],
        [
            -0.04774575140626314,
            0.14694631307311828
        ],
        [
            -0.17274575140626314,
            0.23776412907378838
        ],
        [
            -0.32725424859373686,
            0.2377641290737884
        ],
        [
            -0.45225424859373686,
            0.1469463130731183
        ],
        [
            -0.5,
            3.061616997868383e-17
        ],
        [
            -0.45225424859373686,
            -0.14694631307311826
        ],
        [
            -0.32725424859373686,
            -0.23776412907378838
        ],
        [
            -0.1727457514062632,
            -0.2377641290737884
        ],
        [
            -0.047745751406263165,
            -0.14694631307311834
        ],
        [
            0.525,
            0.0
        ],
        [
            0.4772542485937369,
            0.14694631307311828
        ],
        [
            0.3522542485937369,
            0.23776412907378838
        ],
        [
            0.19774575140626316,
            0.2377641290737884
        ],
        [
            0.07274575140626316,
            0.1469463130731183
        ],
        [
            0.025000000000000022,
            3.061616997868383e-17
        ],
        [
            0.07274575140626316,
            -0.14694631307311826
        ],
        [
            0.19774575140626316,
            -0.23776412907378838
        ],
        [
            0.35225424859373683,
            -0.2377641290737884
        ],
        [
            0.4772542485937369,
            -0.14694631307311834
        ]
    ],
    "types": [
        "A",
        "A",
        "A",
        "A",
        "A",
        "A",
        "A",
        "A",
        "A",
        "A",
        "A",
        "A",
        "A",
        "A",
        "A",
        "A",
        "A",
        "A",
        "A",
        "A"
    ],
    "theta": 0.0
}