{
    "symmetry": "d_inf",
    "coords": [
        [
            0.5,
            0.0
        ],
        [
            0.47552825814757677,
            0.1545084971874737
        ],
        [
            0.4045084971874737,
            0.29389262614623657
        ],
        [
            0.29389262614623657,
            0.4045084971874737
        ],
        [
            0.15450849718747373,
            0.47552825814757677
        ],
        [
            3.061616997868383e-17,
            0.5
        ],
        [
            -0.15450849718747367,
            0.4755282581475768
        ],
        [
            -0.2938926261462365,
            0.4045084971874737
        ],
        [
            -0.40450849718747367,
            0.2938926261462366
        ],
        [
            -0.47552825814757677,
            0.15450849718747375
        ],
        [
            -0.5,
            6.123233995736766e-17
        ],
        [
            -0.4755282581475768,
            -0.15450849718747364
        ],
        [
            -0.4045084971874738,
            -0.2938926261462365
        ],
        [
            -0.2938926261462366,
            -0.40450849718747367
        ],
        [
            -0.15450849718747378,
            -0.47552825814757677
        ],
        [
            -9.184850993605148e-17,
            -0.5
        ],
        [
            0.15450849718747361,
            -0.4755282581475768
        ],
        [
            0.29389262614623646,
            -0.4045084971874738
        ],
        [
            0.40450849718747367,
            -0.2938926261462367
        ],
        [
            0.47552825814757677,
            -0.1545084971874738
        ]
    ],
    "types": [
        "A",
        "A",
        "A",
        "A",
        "A",
        "A",
        "A",
        "A",
        "A",
        "A",
        "A",
        "A",
        "A",
        "A",
        "A",
        "A",
        "A",
        "A",
        "A",
        "A"
    ],
    "theta": 0.0
}